5.000000000000000000e+00,-2.899988571568930183e+03,-5.075628448998890235e+03,4.067651948788196478e+03,2.000000000000000000e+00
5.000000000000000000e+00,-2.866882321950789901e+03,-5.092916097897148575e+03,4.069517818108157826e+03,2.000000000000000000e+00
5.000000000000000000e+00,-2.833696977924590101e+03,-5.110063238353158340e+03,4.071271413516182747e+03,2.000000000000000000e+00
5.000000000000000000e+00,-2.800433455144605887e+03,-5.127069397516435856e+03,4.072912686803801535e+03,2.000000000000000000e+00
5.000000000000000000e+00,-2.767092671411548054e+03,-5.143934106421626893e+03,4.074441592855661838e+03,2.000000000000000000e+00
5.000000000000000000e+00,-2.733675546646973089e+03,-5.160656900001550639e+03,4.075858089650766942e+03,2.000000000000000000e+00
5.000000000000000000e+00,-2.700183002867611322e+03,-5.177237317100161818e+03,4.077162138263634006e+03,2.000000000000000000e+00
5.000000000000000000e+00,-2.666615964190989871e+03,-5.193674900471613910e+03,4.078353702865264950e+03,2.000000000000000000e+00
5.000000000000000000e+00,-2.632975356890299736e+03,-5.209969196757565442e+03,4.079432750723875415e+03,2.000000000000000000e+00
5.000000000000000000e+00,-2.599262109171441352e+03,-5.226119756586454059e+03,4.080399252206454094e+03,2.000000000000000000e+00
5.000000000000000000e+00,-2.565477151225934904e+03,-5.242126134551401265e+03,4.081253180779328432e+03,2.000000000000000000e+00
5.000000000000000000e+00,-2.531621415217052345e+03,-5.257987889217336487e+03,4.081994513008874037e+03,2.000000000000000000e+00
5.000000000000000000e+00,-2.497695835254046870e+03,-5.273704583133219785e+03,4.082623228562174518e+03,2.000000000000000000e+00
5.000000000000000000e+00,-2.463701347366311438e+03,-5.289275782844174500e+03,4.083139310207601284e+03,2.000000000000000000e+00
5.000000000000000000e+00,-2.429638889477468638e+03,-5.304701058903514422e+03,4.083542743815312861e+03,2.000000000000000000e+00
5.000000000000000000e+00,-2.395509401379385508e+03,-5.319979985884680900e+03,4.083833518357667344e+03,2.000000000000000000e+00
5.000000000000000000e+00,-2.361313824706119249e+03,-5.335112142393077193e+03,4.084011625909557097e+03,2.000000000000000000e+00
5.000000000000000000e+00,-2.327053102907793800e+03,-5.350097111077804584e+03,4.084077061648657946e+03,2.000000000000000000e+00
7.000000000000000000e+00,2.471226187668040893e+03,-6.150025345734231450e+03,-3.326726568952254638e+03,0.000000000000000000e+00
7.000000000000000000e+00,2.471188833694215646e+03,-6.167392069972470381e+03,-3.294435674920185647e+03,0.000000000000000000e+00
7.000000000000000000e+00,2.471091102060069716e+03,-6.184608108570246259e+03,-3.262064289112938695e+03,0.000000000000000000e+00
7.000000000000000000e+00,2.470932995019001282e+03,-6.201673040573451544e+03,-3.229613202242552688e+03,0.000000000000000000e+00
7.000000000000000000e+00,2.470714516299195111e+03,-6.218586448720418957e+03,-3.197083206965393401e+03,0.000000000000000000e+00
7.000000000000000000e+00,2.470435671103355617e+03,-6.235347919452018687e+03,-3.164475097861927225e+03,0.000000000000000000e+00
7.000000000000000000e+00,2.470096466112330745e+03,-6.251957042926362192e+03,-3.131789671431088209e+03,0.000000000000000000e+00
7.000000000000000000e+00,2.469696909555734692e+03,-6.268413413113584284e+03,-3.099027726334891668e+03,0.000000000000000000e+00
7.000000000000000000e+00,2.469237011109657487e+03,-6.284716627683816114e+03,-3.066190062997499808e+03,0.000000000000000000e+00
7.000000000000000000e+00,2.468716781901869126e+03,-6.300866288023662491e+03,-3.033277483605743328e+03,0.000000000000000000e+00
7.000000000000000000e+00,2.468136234536244501e+03,-6.316861999275612106e+03,-3.000290792181451707e+03,0.000000000000000000e+00
7.000000000000000000e+00,2.467495383092463726e+03,-6.332703370347849159e+03,-2.967230794561566654e+03,0.000000000000000000e+00
7.000000000000000000e+00,2.466794243125678804e+03,-6.348390013923978586e+03,-2.934098298378194613e+03,0.000000000000000000e+00
7.000000000000000000e+00,2.466032831666141647e+03,-6.363921546472667615e+03,-2.900894113038601063e+03,0.000000000000000000e+00
7.000000000000000000e+00,2.465211167218799346e+03,-6.379297588257206371e+03,-2.867619049705144334e+03,0.000000000000000000e+00
7.000000000000000000e+00,2.464329269762848071e+03,-6.394517763344975720e+03,-2.834273921275148950e+03,0.000000000000000000e+00
7.000000000000000000e+00,2.463387160751255124e+03,-6.409581699616835067e+03,-2.800859542360719388e+03,0.000000000000000000e+00
7.000000000000000000e+00,2.462384863110241440e+03,-6.424489028776430132e+03,-2.767376729268493364e+03,0.000000000000000000e+00
7.000000000000000000e+00,2.461322401238729526e+03,-6.439239386359403397e+03,-2.733826299979337364e+03,0.000000000000000000e+00
7.000000000000000000e+00,2.460199801007752740e+03,-6.453832411742534532e+03,-2.700209074127977601e+03,0.000000000000000000e+00
7.000000000000000000e+00,2.459017089759832288e+03,-6.468267748152783497e+03,-2.666525872982575947e+03,0.000000000000000000e+00
7.000000000000000000e+00,2.457774296308312842e+03,-6.482545042676256344e+03,-2.632777519424243565e+03,0.000000000000000000e+00
7.000000000000000000e+00,2.456471450936664041e+03,-6.496663946267084611e+03,-2.598964837926493146e+03,0.000000000000000000e+00
7.000000000000000000e+00,2.455108585397510069e+03,-6.510624113749789103e+03,-2.565088654545106692e+03,0.000000000000000000e+00
7.000000000000000000e+00,2.453685732909439139e+03,-6.524425203762116325e+03,-2.531149797004715765e+03,0.000000000000000000e+00
1.200000000000000000e+01,2.315727152991481034e+03,-6.813638593607191979e+03,-3.737347201324181697e+03,0.000000000000000000e+00
1.200000000000000000e+01,2.342027714624067812e+03,-6.819037008308161603e+03,-3.717263197293325447e+03,0.000000000000000000e+00
1.200000000000000000e+01,2.368284553638670332e+03,-6.824308120419575062e+03,-3.697109796766928866e+03,0.000000000000000000e+00
1.200000000000000000e+01,2.394497226440063514e+03,-6.829451965507989371e+03,-3.676887448475101792e+03,0.000000000000000000e+00
1.200000000000000000e+01,2.420665290902885317e+03,-6.834468580866982848e+03,-3.656596601263608591e+03,0.000000000000000000e+00
1.200000000000000000e+01,2.446788306449981519e+03,-6.839358005515344303e+03,-3.636237704018496515e+03,0.000000000000000000e+00
1.200000000000000000e+01,2.472865834054030984e+03,-6.844120280188838478e+03,-3.615811205657413211e+03,0.000000000000000000e+00
1.200000000000000000e+01,2.498897436233693043e+03,-6.848755447331581308e+03,-3.595317555125743638e+03,0.000000000000000000e+00
1.200000000000000000e+01,2.524882677049728045e+03,-6.853263551087485212e+03,-3.574757201392832940e+03,0.000000000000000000e+00
1.200000000000000000e+01,2.550821122101085621e+03,-6.857644637291768049e+03,-3.554130593448296167e+03,0.000000000000000000e+00
1.200000000000000000e+01,2.576712338520967933e+03,-6.861898753462539389e+03,-3.533438180298416682e+03,0.000000000000000000e+00
1.200000000000000000e+01,2.602555894972859733e+03,-6.866025948792448617e+03,-3.512680410962632322e+03,0.000000000000000000e+00
1.200000000000000000e+01,2.628351361646529767e+03,-6.870026274140405803e+03,-3.491857734470107971e+03,0.000000000000000000e+00
1.200000000000000000e+01,2.654098310254006265e+03,-6.873899782023369880e+03,-3.470970599856395893e+03,0.000000000000000000e+00
1.200000000000000000e+01,2.679796314025518313e+03,-6.877646526608208660e+03,-3.450019456160185200e+03,0.000000000000000000e+00
1.200000000000000000e+01,2.705444947705412687e+03,-6.881266563703621614e+03,-3.429004752420136356e+03,0.000000000000000000e+00
1.200000000000000000e+01,2.731043787548037017e+03,-6.884759950752141776e+03,-3.407926937671804353e+03,0.000000000000000000e+00
1.200000000000000000e+01,2.756592411314134097e+03,-6.888126746822171299e+03,-3.386786460944123064e+03,0.000000000000000000e+00
1.200000000000000000e+01,2.782090398354074750e+03,-6.891367012596168024e+03,-3.365583771170741329e+03,0.000000000000000000e+00
1.200000000000000000e+01,2.807537329520217099e+03,-6.894480810366619153e+03,-3.344319317269077601e+03,0.000000000000000000e+00
1.200000000000000000e+01,2.832932787110434674e+03,-6.897468204030672496e+03,-3.322993548188848308e+03,0.000000000000000000e+00
1.200000000000000000e+01,2.858276354917325989e+03,-6.900329259080066549e+03,-3.301606912856969302e+03,0.000000000000000000e+00
1.200000000000000000e+01,2.883567618224313719e+03,-6.903064042593516206e+03,-3.280159860174616824e+03,0.000000000000000000e+00
1.200000000000000000e+01,2.908806163801729326e+03,-6.905672623229178498e+03,-3.258652839014369874e+03,0.000000000000000000e+00
1.200000000000000000e+01,2.933991579902879039e+03,-6.908155071217180193e+03,-3.237086298217424428e+03,0.000000000000000000e+00
1.200000000000000000e+01,2.959123456260093008e+03,-6.910511458352219051e+03,-3.215460686590887690e+03,0.000000000000000000e+00
1.200000000000000000e+01,2.984201384080756270e+03,-6.912741857986223295e+03,-3.193776452905146471e+03,0.000000000000000000e+00
1.200000000000000000e+01,3.009224956043319708e+03,-6.914846345021095658e+03,-3.172034045891310143e+03,0.000000000000000000e+00
1.200000000000000000e+01,3.034193766293298268e+03,-6.916824995901510192e+03,-3.150233914238734542e+03,0.000000000000000000e+00
1.200000000000000000e+01,3.059107410439247360e+03,-6.918677888607786372e+03,-3.128376506592616352e+03,0.000000000000000000e+00
1.200000000000000000e+01,3.083965485548721972e+03,-6.920405102648832326e+03,-3.106462271551668437e+03,0.000000000000000000e+00
1.200000000000000000e+01,3.108767590144221685e+03,-6.922006719055150825e+03,-3.084491657665867933e+03,0.000000000000000000e+00
1.200000000000000000e+01,3.133513324199112503e+03,-6.923482820371918024e+03,-3.062465113434282557e+03,0.000000000000000000e+00
1.200000000000000000e+01,3.158202289145960549e+03,-6.924833490650363274e+03,-3.040383087289735613e+03,0.000000000000000000e+00
1.200000000000000000e+01,3.182834087952557184e+03,-6.926058815429584683e+03,-3.018246027511395368e+03,0.000000000000000000e+00
1.200000000000000000e+01,3.207408324973878734e+03,-6.927158881750300679e+03,-2.996054382376171816e+03,0.000000000000000000e+00
1.200000000000000000e+01,3.231924605986566803e+03,-6.928133778142710071e+03,-2.973808600115683930e+03,0.000000000000000000e+00
1.200000000000000000e+01,3.256382538202573869e+03,-6.928983594617378003e+03,-2.951509128895495905e+03,0.000000000000000000e+00
1.200000000000000000e+01,3.280781730265322039e+03,-6.929708422658675772e+03,-2.929156416813034411e+03,0.000000000000000000e+00
1.200000000000000000e+01,3.305121792245859524e+03,-6.930308355218287943e+03,-2.906750911895570425e+03,0.000000000000000000e+00
1.200000000000000000e+01,3.329402335639003013e+03,-6.930783486708787677e+03,-2.884293062098271093e+03,0.000000000000000000e+00
1.200000000000000000e+01,3.353622973359479147e+03,-6.931133912997275729e+03,-2.861783315302308893e+03,0.000000000000000000e+00
1.200000000000000000e+01,3.377783319738052796e+03,-6.931359731399093107e+03,-2.839222119313046278e+03,0.000000000000000000e+00
1.200000000000000000e+01,3.401882990517651706e+03,-6.931461040671590126e+03,-2.816609921858277175e+03,0.000000000000000000e+00
1.200000000000000000e+01,3.425921602849479768e+03,-6.931437941007974587e+03,-2.793947170586538959e+03,0.000000000000000000e+00
1.200000000000000000e+01,3.449898775289127116e+03,-6.931290534031219977e+03,-2.771234313065488550e+03,0.000000000000000000e+00
1.200000000000000000e+01,3.473814127792667023e+03,-6.931018922788040982e+03,-2.748471796780343539e+03,0.000000000000000000e+00
1.200000000000000000e+01,3.497667281712750537e+03,-6.930623211742936292e+03,-2.725660069132390618e+03,0.000000000000000000e+00
1.200000000000000000e+01,3.521457859794689284e+03,-6.930103506772304172e+03,-2.702799577437555399e+03,0.000000000000000000e+00
1.200000000000000000e+01,5.638159955313898536e+03,2.097364577882775052e+02,5.492936533395704828e+03,1.000000000000000000e+00
1.200000000000000000e+01,5.622038809971371847e+03,2.387033607812990113e+02,5.502913359125334864e+03,1.000000000000000000e+00
1.200000000000000000e+01,5.605802757570014364e+03,2.676653848485807998e+02,5.512777712438291019e+03,1.000000000000000000e+00
1.200000000000000000e+01,5.589451966160975644e+03,2.966219302228143420e+02,5.522529230645029202e+03,1.000000000000000000e+00
1.200000000000000000e+01,5.572986606337221019e+03,3.255723955157006344e+02,5.532167552042163152e+03,1.000000000000000000e+00
1.200000000000000000e+01,5.556406851246721089e+03,3.545161777200822826e+02,5.541692315926735318e+03,1.000000000000000000e+00
1.200000000000000000e+01,5.539712876605149177e+03,3.834526722109869183e+02,5.551103162609086212e+03,1.000000000000000000e+00
1.200000000000000000e+01,5.522904860707900298e+03,4.123812727451827413e+02,5.560399733423787438e+03,1.000000000000000000e+00
1.200000000000000000e+01,5.505982984443567148e+03,4.413013714639565137e+02,5.569581670744750227e+03,1.000000000000000000e+00
1.200000000000000000e+01,5.488947431307186889e+03,4.702123588953778608e+02,5.578648617999666385e+03,1.000000000000000000e+00
1.200000000000000000e+01,5.471798387411976364e+03,4.991136239532121976e+02,5.587600219680120972e+03,1.000000000000000000e+00
1.200000000000000000e+01,5.454536041502869921e+03,5.280045539399366135e+02,5.596436121356963667e+03,1.000000000000000000e+00
1.200000000000000000e+01,5.437160584970140917e+03,5.568845345500494659e+02,5.605155969696010288e+03,1.000000000000000000e+00
1.200000000000000000e+01,5.419672211861194228e+03,5.857529498688894591e+02,5.613759412468129995e+03,1.000000000000000000e+00
1.200000000000000000e+01,5.402071118894052233e+03,6.146091823756801205e+02,5.622246098564588465e+03,1.000000000000000000e+00
1.200000000000000000e+01,5.384357505471231889e+03,6.434526129477405902e+02,5.630615678013781690e+03,1.000000000000000000e+00
2.600000000000000000e+01,2.269841501987755237e+03,-5.867625017989473236e+03,-2.880154804814031650e+03,0.000000000000000000e+00
2.600000000000000000e+01,2.281352926839743759e+03,-5.879684368251924752e+03,-2.846059149132448056e+03,0.000000000000000000e+00
2.600000000000000000e+01,2.292795723702611667e+03,-5.891566845000700596e+03,-2.811877877895529764e+03,0.000000000000000000e+00
2.600000000000000000e+01,2.304169545795667545e+03,-5.903272084213865128e+03,-2.777612016209291596e+03,0.000000000000000000e+00
2.600000000000000000e+01,2.315474048388750816e+03,-5.914799727177283785e+03,-2.743262591801177223e+03,0.000000000000000000e+00
2.600000000000000000e+01,2.326708888812909663e+03,-5.926149420496154562e+03,-2.708830634989359169e+03,0.000000000000000000e+00
2.600000000000000000e+01,2.337873726471020746e+03,-5.937320816106363054e+03,-2.674317178651944687e+03,0.000000000000000000e+00
2.600000000000000000e+01,2.348968222848346159e+03,-5.948313571285687431e+03,-2.639723258196082952e+03,0.000000000000000000e+00
2.600000000000000000e+01,2.359992041523031276e+03,-5.959127348664830606e+03,-2.605049911526988126e+03,0.000000000000000000e+00
2.600000000000000000e+01,2.370944848182597525e+03,-5.969761816265046036e+03,-2.570298179055070250e+03,0.000000000000000000e+00
2.600000000000000000e+01,2.381826310630056014e+03,-5.980216647490037758e+03,-2.535469103637919943e+03,0.000000000000000000e+00
2.600000000000000000e+01,2.392636098787359970e+03,-5.990491521106217988e+03,-2.500563730505792591e+03,0.000000000000000000e+00
6.000000000000000000e+01,2.598775433543428335e+03,-5.885400881473923619e+03,-2.560689085244310263e+03,0.000000000000000000e+00
6.000000000000000000e+01,2.597982970101133105e+03,-5.870452149048758656e+03,-2.595568165900755503e+03,0.000000000000000000e+00
6.000000000000000000e+01,2.597112533114943744e+03,-5.855327226088760654e+03,-2.630369345541955227e+03,0.000000000000000000e+00
6.000000000000000000e+01,2.596164148696232587e+03,-5.840026566529563752e+03,-2.665091579610632380e+03,0.000000000000000000e+00
6.000000000000000000e+01,2.595137845304676375e+03,-5.824550629586477953e+03,-2.699733825967740813e+03,0.000000000000000000e+00
6.000000000000000000e+01,2.594033653746438631e+03,-5.808899879749420506e+03,-2.734295044893246995e+03,0.000000000000000000e+00
6.000000000000000000e+01,2.592851607172931381e+03,-5.793074786771629078e+03,-2.768774199107910590e+03,0.000000000000000000e+00
6.000000000000000000e+01,2.591591741079809253e+03,-5.777075825655374501e+03,-2.803170253804855747e+03,0.000000000000000000e+00
6.300000000000000000e+01,4.359430590592416593e+03,7.198802225840485391e+01,5.369753301445258330e+03,1.000000000000000000e+00
6.300000000000000000e+01,4.388059001904368415e+03,8.030445057883264326e+01,5.346227991766759260e+03,1.000000000000000000e+00
6.300000000000000000e+01,4.416555279997886828e+03,8.861846077173646563e+01,5.322541696489575770e+03,1.000000000000000000e+00
6.300000000000000000e+01,4.444918565120758103e+03,9.692980245187300170e+01,5.298695126841701494e+03,1.000000000000000000e+00
6.300000000000000000e+01,4.473148001519425634e+03,1.052382253086059620e+02,5.274688998912220086e+03,1.000000000000000000e+00
6.300000000000000000e+01,4.501242737462799596e+03,1.135434791132606023e+02,5.250524033628453253e+03,1.000000000000000000e+00
6.300000000000000000e+01,4.529201925268023842e+03,1.218453137267761690e+02,5.226200956733534440e+03,1.000000000000000000e+00
6.300000000000000000e+01,4.557024721326548388e+03,1.301434791072734640e+02,5.201720498765032971e+03,1.000000000000000000e+00
6.300000000000000000e+01,4.584710286130091845e+03,1.384377253176786269e+02,5.177083395033006127e+03,1.000000000000000000e+00
6.300000000000000000e+01,4.612257784296256432e+03,1.467278025333126266e+02,5.152290385597833847e+03,1.000000000000000000e+00
6.300000000000000000e+01,4.639666384594092960e+03,1.550134610494838796e+02,5.127342215247972490e+03,1.000000000000000000e+00
6.300000000000000000e+01,4.666935259969773142e+03,1.632944512890953774e+02,5.102239633477731331e+03,1.000000000000000000e+00
6.300000000000000000e+01,4.694063587571477910e+03,1.715705238102433725e+02,5.076983394464063167e+03,1.000000000000000000e+00
7.300000000000000000e+01,-2.639761445702522451e+03,-4.866888445014157696e+03,3.965121242097600316e+03,2.000000000000000000e+00
7.300000000000000000e+01,-2.606053893010234788e+03,-4.885941966576601772e+03,3.964737484182453045e+03,2.000000000000000000e+00
7.300000000000000000e+01,-2.572264131509256003e+03,-4.904841359724731774e+03,3.964228657469614518e+03,2.000000000000000000e+00
7.300000000000000000e+01,-2.538393242609627123e+03,-4.923586057595444800e+03,3.963594801755161825e+03,2.000000000000000000e+00
7.300000000000000000e+01,-2.504442310271254428e+03,-4.942175499367726843e+03,3.962835961495055471e+03,2.000000000000000000e+00
7.300000000000000000e+01,-2.470412420831192321e+03,-4.960609129951713840e+03,3.961952185550346258e+03,2.000000000000000000e+00
7.300000000000000000e+01,-2.436304662868652485e+03,-4.978886399774083657e+03,3.960943527005614669e+03,2.000000000000000000e+00
7.300000000000000000e+01,-2.402120127162373592e+03,-4.997006764799224584e+03,3.959810043166676678e+03,2.000000000000000000e+00
7.300000000000000000e+01,-2.367859906647986918e+03,-5.014969686550416554e+03,3.958551795558289996e+03,2.000000000000000000e+00
7.300000000000000000e+01,-2.333525096375384237e+03,-5.032774632131002363e+03,3.957168849921858055e+03,2.000000000000000000e+00
7.800000000000000000e+01,4.452335185810931762e+03,2.366505262471002311e+02,5.684803950432463353e+03,1.000000000000000000e+00
7.800000000000000000e+01,4.476051184712061513e+03,2.575267177770046487e+02,5.665299791137873399e+03,1.000000000000000000e+00
7.800000000000000000e+01,4.499648905772635771e+03,2.783961042690414729e+02,5.645645928586188347e+03,1.000000000000000000e+00
7.800000000000000000e+01,4.523127727778718508e+03,2.992581344033395681e+02,5.625842885066495001e+03,1.000000000000000000e+00
7.800000000000000000e+01,4.546487032679996446e+03,3.201122570760423400e+02,5.605891186785765058e+03,1.000000000000000000e+00
7.800000000000000000e+01,4.569726205606305484e+03,3.409579214138512953e+02,5.585791363855269992e+03,1.000000000000000000e+00
7.800000000000000000e+01,4.592844634883999788e+03,3.617945767885423720e+02,5.565543950276849500e+03,1.000000000000000000e+00
7.800000000000000000e+01,4.615841712036366516e+03,3.826216728298729777e+02,5.545149483910739036e+03,1.000000000000000000e+00
7.800000000000000000e+01,4.638716831811805605e+03,4.034386594412894169e+02,5.524608506475482500e+03,1.000000000000000000e+00
7.800000000000000000e+01,4.661469392207247438e+03,4.242449868151514920e+02,5.503921563542357944e+03,1.000000000000000000e+00
7.800000000000000000e+01,4.684098794478349191e+03,4.450401054466259438e+02,5.483089204514496487e+03,1.000000000000000000e+00
7.800000000000000000e+01,4.706604443155702029e+03,4.658234661481869807e+02,5.462111982612977954e+03,1.000000000000000000e+00
7.800000000000000000e+01,4.728985746058962832e+03,4.865945200639217774e+02,5.440990454860456339e+03,1.000000000000000000e+00
9.000000000000000000e+01,4.474877990473978571e+03,1.988148583014516930e+02,5.815312098485926981e+03,1.000000000000000000e+00
9.000000000000000000e+01,4.503128915467079423e+03,2.075141982690763314e+02,5.793241383980222963e+03,1.000000000000000000e+00
9.000000000000000000e+01,4.531266388327041568e+03,2.162083102462512443e+02,5.771024713085164876e+03,1.000000000000000000e+00
9.000000000000000000e+01,4.559289703219333205e+03,2.248969753352624537e+02,5.748662649460035936e+03,1.000000000000000000e+00
9.000000000000000000e+01,4.587198157202524271e+03,2.335799747751759696e+02,5.726155760458751502e+03,1.000000000000000000e+00
9.000000000000000000e+01,4.614991050248519969e+03,2.422570899480559774e+02,5.703504617114151188e+03,1.000000000000000000e+00
9.000000000000000000e+01,4.642667685262792475e+03,2.509281023851825978e+02,5.680709794122291896e+03,1.000000000000000000e+00
9.000000000000000000e+01,4.670227368104615380e+03,2.595927937732700457e+02,5.657771869826743568e+03,1.000000000000000000e+00
9.000000000000000000e+01,4.697669407607301764e+03,2.682509459606845894e+02,5.634691426202881303e+03,1.000000000000000000e+00
9.000000000000000000e+01,4.724993115598435907e+03,2.769023409636623114e+02,5.611469048842176562e+03,1.000000000000000000e+00
9.000000000000000000e+01,4.752197806920107723e+03,2.855467609725274656e+02,5.588105326936492929e+03,1.000000000000000000e+00
9.000000000000000000e+01,4.779282799496725602e+03,2.941839883745863062e+02,5.564600853209216439e+03,1.000000000000000000e+00
9.000000000000000000e+01,4.806247414904594734e+03,3.028138059528902772e+02,5.540956223285716078e+03,1.000000000000000000e+00
9.000000000000000000e+01,4.833090977582061896e+03,3.114359966085168026e+02,5.517172036582826877e+03,1.000000000000000000e+00
9.000000000000000000e+01,4.859812814958846502e+03,3.200503434050269220e+02,5.493248896171232445e+03,1.000000000000000000e+00
9.000000000000000000e+01,4.886412257624077938e+03,3.286566296264882112e+02,5.469187408594607405e+03,1.000000000000000000e+00
9.000000000000000000e+01,4.912888639348891957e+03,3.372546387845187610e+02,5.444988183851277427e+03,1.000000000000000000e+00
9.000000000000000000e+01,4.939241297109012521e+03,3.458441546253307592e+02,5.420651835375878363e+03,1.000000000000000000e+00
9.000000000000000000e+01,4.965469571107350930e+03,3.544249611367746979e+02,5.396178980021019015e+03,1.000000000000000000e+00
9.000000000000000000e+01,4.991572804796589480e+03,3.629968425553827842e+02,5.371570238038940261e+03,1.000000000000000000e+00
9.000000000000000000e+01,5.017550344901777862e+03,3.715595833734132043e+02,5.346826233063173277e+03,1.000000000000000000e+00
9.000000000000000000e+01,5.043401541442919552e+03,3.801129683458937052e+02,5.321947592090205035e+03,1.000000000000000000e+00
1.010000000000000000e+02,-2.825112264020291150e+03,-5.008319113569446017e+03,4.372367993408942311e+03,2.000000000000000000e+00
1.010000000000000000e+02,-2.821923663671228496e+03,-5.033583111919667317e+03,4.345338134176881795e+03,2.000000000000000000e+00
1.010000000000000000e+02,-2.818660463362121845e+03,-5.058714043203428446e+03,4.318193402224476813e+03,2.000000000000000000e+00
1.010000000000000000e+02,-2.815322749533996102e+03,-5.083711243364853544e+03,4.290934515424319216e+03,2.000000000000000000e+00
1.010000000000000000e+02,-2.811910610609884770e+03,-5.108574051904889529e+03,4.263562194685679970e+03,2.000000000000000000e+00
1.010000000000000000e+02,-2.808424136993861794e+03,-5.133301811900961184e+03,4.236077163937736259e+03,2.000000000000000000e+00
1.010000000000000000e+02,-2.804863421070077038e+03,-5.157893870026634431e+03,4.208480150112806768e+03,2.000000000000000000e+00
1.010000000000000000e+02,-2.801228557201789954e+03,-5.182349576571275975e+03,4.180771883129580601e+03,2.000000000000000000e+00
1.010000000000000000e+02,-2.797519641528424472e+03,-5.206668285134827784e+03,4.152953095540035974e+03,2.000000000000000000e+00
1.010000000000000000e+02,-2.793736771705443516e+03,-5.230849352230613476e+03,4.125024522081143004e+03,2.000000000000000000e+00
1.010000000000000000e+02,-2.789880047791924881e+03,-5.254892138734217951e+03,4.096986901137601308e+03,2.000000000000000000e+00
1.010000000000000000e+02,-2.785949571833604296e+03,-5.278796009234026315e+03,4.068840974032403210e+03,2.000000000000000000e+00
1.010000000000000000e+02,-2.781945447829280511e+03,-5.302560331998402035e+03,4.040587484955733089e+03,2.000000000000000000e+00
1.010000000000000000e+02,-2.777867781729031776e+03,-5.326184478994030542e+03,4.012227180946844328e+03,2.000000000000000000e+00
1.010000000000000000e+02,-2.773716681432435507e+03,-5.349667825904271012e+03,3.983760811875925356e+03,2.000000000000000000e+00
1.010000000000000000e+02,-2.769492256786785219e+03,-5.373009752147502695e+03,3.955189130425972508e+03,2.000000000000000000e+00
1.010000000000000000e+02,-2.765194619585306555e+03,-5.396209640895469420e+03,3.926512892074663341e+03,2.000000000000000000e+00
1.010000000000000000e+02,-2.760823883565377400e+03,-5.419266879091630472e+03,3.897732855076224041e+03,2.000000000000000000e+00
1.010000000000000000e+02,-2.756380164406744370e+03,-5.442180857469507828e+03,3.868849780443302279e+03,2.000000000000000000e+00
1.020000000000000000e+02,-2.632975411118540706e+03,-5.267031318348463174e+03,3.813029842136241314e+03,2.000000000000000000e+00
1.020000000000000000e+02,-2.629436104088221327e+03,-5.246129318757333749e+03,3.844197631161573554e+03,2.000000000000000000e+00
1.020000000000000000e+02,-2.625820902476767515e+03,-5.225075897805185377e+03,3.875254463411103188e+03,2.000000000000000000e+00
1.020000000000000000e+02,-2.622129911303959034e+03,-5.203871664504720684e+03,3.906199443470215556e+03,2.000000000000000000e+00
1.020000000000000000e+02,-2.618363237783234126e+03,-5.182517232227027307e+03,3.937031679179446655e+03,2.000000000000000000e+00
1.020000000000000000e+02,-2.614520991319583572e+03,-5.161013218685850006e+03,3.967750281661678855e+03,2.000000000000000000e+00
1.020000000000000000e+02,-2.610603283507451579e+03,-5.139360245921868227e+03,3.998354365349333875e+03,2.000000000000000000e+00
1.020000000000000000e+02,-2.606610228128629387e+03,-5.117558940286977304e+03,4.028843048011567134e+03,2.000000000000000000e+00
1.020000000000000000e+02,-2.602541941150155708e+03,-5.095609932428559659e+03,4.059215450781461641e+03,2.000000000000000000e+00
1.020000000000000000e+02,-2.598398540722210782e+03,-5.073513857273768735e+03,4.089470698183223249e+03,2.000000000000000000e+00
1.020000000000000000e+02,-2.594180147107168523e+03,-5.051271353874340093e+03,4.119607918064225487e+03,2.000000000000000000e+00
1.020000000000000000e+02,-2.589886882523055192e+03,-5.028883065078044638e+03,4.149626241408773240e+03,2.000000000000000000e+00
1.020000000000000000e+02,-2.585518871524090173e+03,-5.006349638288049391e+03,4.179524802894109598e+03,2.000000000000000000e+00
1.020000000000000000e+02,-2.581076240844078711e+03,-4.983671725134231565e+03,4.209302740704079952e+03,2.000000000000000000e+00
1.020000000000000000e+02,-2.576559119374007878e+03,-4.960849981416330593e+03,4.238959196528278881e+03,2.000000000000000000e+00
1.020000000000000000e+02,-2.571967638159187572e+03,-4.937885067086695926e+03,4.268493315588190853e+03,2.000000000000000000e+00
1.050000000000000000e+02,-2.835149209264606725e+03,-5.284516778616809461e+03,3.888834079270842722e+03,2.000000000000000000e+00
1.050000000000000000e+02,-2.831553598457852786e+03,-5.263678594773384248e+03,3.919593320687620690e+03,2.000000000000000000e+00
1.050000000000000000e+02,-2.827880713730152820e+03,-5.242696763609827030e+03,3.950245595265423617e+03,2.000000000000000000e+00
1.050000000000000000e+02,-2.824130655329309775e+03,-5.221571857752605865e+03,3.980790066511959139e+03,2.000000000000000000e+00
1.050000000000000000e+02,-2.820303525611855548e+03,-5.200304453738009215e+03,4.011225900879642722e+03,2.000000000000000000e+00
1.050000000000000000e+02,-2.816399429041264739e+03,-5.178895131998373472e+03,4.041552267789500547e+03,2.000000000000000000e+00
1.050000000000000000e+02,-2.812418472186164308e+03,-5.157344476848315026e+03,4.071768339655072396e+03,2.000000000000000000e+00
1.050000000000000000e+02,-2.808360763718547787e+03,-5.135653076470956876e+03,4.101873291906311351e+03,2.000000000000000000e+00
1.050000000000000000e+02,-2.804226414395698157e+03,-5.113821522873235153e+03,4.131866302992571036e+03,2.000000000000000000e+00
1.050000000000000000e+02,-2.800015536848196007e+03,-5.091850411473047643e+03,4.161746554136544546e+03,2.000000000000000000e+00
1.050000000000000000e+02,-2.795728245892992163e+03,-5.069740341683256702e+03,4.191513229762538685e+03,2.000000000000000000e+00
1.050000000000000000e+02,-2.791364658493230763e+03,-5.047491916825038061e+03,4.221165517471072235e+03,2.000000000000000000e+00
1.050000000000000000e+02,-2.786924893694429102e+03,-5.025105743996335150e+03,4.250702607983111193e+03,2.000000000000000000e+00
1.050000000000000000e+02,-2.782409072622128406e+03,-5.002582434057026148e+03,4.280123695163250886e+03,2.000000000000000000e+00
1.050000000000000000e+02,-2.777817318479543701e+03,-4.979922601614081032e+03,4.309427976042896262e+03,2.000000000000000000e+00
1.160000000000000000e+02,2.385912530664527367e+03,-6.090151371040150480e+03,-2.490018554989675067e+03,0.000000000000000000e+00
1.160000000000000000e+02,2.375600635671393320e+03,-6.079852111137969587e+03,-2.524824704311185087e+03,0.000000000000000000e+00
1.160000000000000000e+02,2.365219687461400554e+03,-6.069376123991007262e+03,-2.559557462806776584e+03,0.000000000000000000e+00
1.160000000000000000e+02,2.354769988001023648e+03,-6.058723714667549757e+03,-2.594215821110930392e+03,0.000000000000000000e+00
1.160000000000000000e+02,2.344251841255096224e+03,-6.047895193366907733e+03,-2.628798772029343581e+03,0.000000000000000000e+00
1.160000000000000000e+02,2.333665553177473157e+03,-6.036890875409227192e+03,-2.663305310568002369e+03,0.000000000000000000e+00
1.160000000000000000e+02,2.323011431701692345e+03,-6.025711081225303133e+03,-2.697734433962252297e+03,0.000000000000000000e+00
1.160000000000000000e+02,2.312289786731636468e+03,-6.014356136346393214e+03,-2.732085141705874321e+03,0.000000000000000000e+00
1.160000000000000000e+02,2.301500930132193389e+03,-6.002826371394028683e+03,-2.766356435580153175e+03,0.000000000000000000e+00
1.160000000000000000e+02,2.290645175719919280e+03,-5.991122122069825309e+03,-2.800547319682953457e+03,0.000000000000000000e+00
1.160000000000000000e+02,2.279722839254731753e+03,-5.979243729145208817e+03,-2.834656800451117761e+03,0.000000000000000000e+00
1.160000000000000000e+02,2.268734238435196403e+03,-5.967191538450820190e+03,-2.868683886659640393e+03,0.000000000000000000e+00
1.160000000000000000e+02,2.257679692879959930e+03,-5.954965900867137861e+03,-2.902627589510396319e+03,0.000000000000000000e+00
1.160000000000000000e+02,2.246559524121396862e+03,-5.942567172314023082e+03,-2.936486922641922320e+03,0.000000000000000000e+00
1.260000000000000000e+02,2.729120040742410310e+03,-5.911554972283175630e+03,-3.003376554932751787e+03,0.000000000000000000e+00
1.260000000000000000e+02,2.730342728367333166e+03,-5.928132361719192886e+03,-2.970030575747268813e+03,0.000000000000000000e+00
1.260000000000000000e+02,2.731491623356801938e+03,-5.944549532238654137e+03,-2.936604325952163435e+03,0.000000000000000000e+00
1.260000000000000000e+02,2.732566702745444218e+03,-5.960806057732190311e+03,-2.903098717650852450e+03,0.000000000000000000e+00
1.260000000000000000e+02,2.733567945561126635e+03,-5.976901516511220507e+03,-2.869514664883196019e+03,0.000000000000000000e+00
1.260000000000000000e+02,2.734495332824609250e+03,-5.992835491317352535e+03,-2.835853083599848560e+03,0.000000000000000000e+00
1.260000000000000000e+02,2.735348847549147195e+03,-6.008607569331655213e+03,-2.802114891636563243e+03,0.000000000000000000e+00
1.260000000000000000e+02,2.736128474740031834e+03,-6.024217342183811525e+03,-2.768301008688434194e+03,0.000000000000000000e+00
1.260000000000000000e+02,2.736834201394081447e+03,-6.039664405961140801e+03,-2.734412356284094585e+03,0.000000000000000000e+00
1.260000000000000000e+02,2.737466016499070975e+03,-6.054948361217503589e+03,-2.700449857759852875e+03,0.000000000000000000e+00
1.260000000000000000e+02,2.738023911033111290e+03,-6.070068812982080999e+03,-2.666414438233781311e+03,0.000000000000000000e+00
1.260000000000000000e+02,2.738507877963967985e+03,-6.085025370768029461e+03,-2.632307024579748941e+03,0.000000000000000000e+00
1.260000000000000000e+02,2.738917912248328776e+03,-6.099817648581013600e+03,-2.598128545401400061e+03,0.000000000000000000e+00
1.260000000000000000e+02,2.739254010831011783e+03,-6.114445264927611788e+03,-2.563879931006080369e+03,0.000000000000000000e+00
1.260000000000000000e+02,2.739516172644121070e+03,-6.128907842823605279e+03,-2.529562113378710819e+03,0.000000000000000000e+00
1.270000000000000000e+02,4.815391290255633066e+03,-1.371046731094568116e+01,5.161316093661733248e+03,1.000000000000000000e+00
1.270000000000000000e+02,4.788403559864459567e+03,-2.180656658872871390e+01,5.186315990299101941e+03,1.000000000000000000e+00
1.270000000000000000e+02,4.761280164438930115e+03,-2.990204804349771095e+01,5.211168948252108748e+03,1.000000000000000000e+00
1.270000000000000000e+02,4.734021871650741559e+03,-3.799668231101659899e+01,5.235874262536422975e+03,1.000000000000000000e+00
1.270000000000000000e+02,4.706629453067270333e+03,-4.609024004903976390e+01,5.260431232415159684e+03,1.000000000000000000e+00
1.270000000000000000e+02,4.679103684130532201e+03,-5.418249194410596203e+01,5.284839161421550671e+03,1.000000000000000000e+00
1.270000000000000000e+02,4.651445344094247957e+03,-6.227320871613382280e+01,5.309097357322993957e+03,1.000000000000000000e+00
1.270000000000000000e+02,4.623655215967146432e+03,-7.036216112334113859e+01,5.333205132093804423e+03,1.000000000000000000e+00
1.270000000000000000e+02,4.595734086632101935e+03,-7.844911997640164714e+01,5.357161802134083700e+03,1.000000000000000000e+00
1.270000000000000000e+02,4.567682746757864152e+03,-8.653385614170696272e+01,5.380966688198287557e+03,1.000000000000000000e+00
1.270000000000000000e+02,4.539501990774467231e+03,-9.461614054797487938e+01,5.404619115412933752e+03,1.000000000000000000e+00
1.270000000000000000e+02,4.511192616851752973e+03,-1.026957441930203174e+02,5.428118413298662745e+03,1.000000000000000000e+00
1.270000000000000000e+02,4.482755426877888567e+03,-1.107724381505261846e+02,5.451463915792287480e+03,1.000000000000000000e+00
1.490000000000000000e+02,-2.645378501290964778e+03,-5.017794222504092431e+03,3.796814052568247462e+03,2.000000000000000000e+00
1.490000000000000000e+02,-2.640629883137934939e+03,-4.996441426014903300e+03,3.828241422396092275e+03,2.000000000000000000e+00
1.490000000000000000e+02,-2.635798526028880588e+03,-4.974932073563211816e+03,3.859548848835685931e+03,2.000000000000000000e+00
1.490000000000000000e+02,-2.630884584049911155e+03,-4.953266846466976858e+03,3.890735347893339622e+03,2.000000000000000000e+00
1.490000000000000000e+02,-2.625888213058394285e+03,-4.931446427001304983e+03,3.921799945560132983e+03,2.000000000000000000e+00
1.490000000000000000e+02,-2.620809571571011475e+03,-4.909471502564329057e+03,3.952741671399874122e+03,2.000000000000000000e+00
1.490000000000000000e+02,-2.615648820759252885e+03,-4.887342765656059782e+03,3.983559558581648616e+03,2.000000000000000000e+00
1.490000000000000000e+02,-2.610406124444907164e+03,-4.865060913857241758e+03,4.014252643912367148e+03,2.000000000000000000e+00
1.490000000000000000e+02,-2.605081649030953031e+03,-4.842626649533255659e+03,4.044819968248728401e+03,2.000000000000000000e+00
1.500000000000000000e+02,4.728755661160828822e+03,-1.322006470614717841e+02,5.209365209910987687e+03,1.000000000000000000e+00
1.500000000000000000e+02,4.740213960689560736e+03,-9.804080162768150331e+01,5.199654479266799171e+03,1.000000000000000000e+00
1.500000000000000000e+02,4.751536691159646580e+03,-6.387815224643048850e+01,5.189795039666332741e+03,1.000000000000000000e+00
1.500000000000000000e+02,4.762723526712763487e+03,-2.971367594442295967e+01,5.179787170875680204e+03,1.000000000000000000e+00
1.500000000000000000e+02,4.773774145172698809e+03,4.451650180606122831e+00,5.169631156696607832e+03,1.000000000000000000e+00
1.500000000000000000e+02,4.784688228053213606e+03,3.861684897457428178e+01,5.159327284965567742e+03,1.000000000000000000e+00
1.500000000000000000e+02,4.795465460566058937e+03,7.278094325083719696e+01,5.148875847546974910e+03,1.000000000000000000e+00
1.500000000000000000e+02,4.806105531628932113e+03,1.069429558139828487e+02,5.138277140326416884e+03,1.000000000000000000e+00
1.500000000000000000e+02,4.816608133873362021e+03,1.411019094836335626e+02,5.127531463203781641e+03,1.000000000000000000e+00
1.560000000000000000e+02,-2.615334885314344319e+03,-4.873224408524645696e+03,4.161997359719446649e+03,2.000000000000000000e+00
1.560000000000000000e+02,-2.589066610335032692e+03,-4.897665083754426632e+03,4.149712818515592517e+03,2.000000000000000000e+00
1.560000000000000000e+02,-2.562720536477720088e+03,-4.921958589062919600e+03,4.137303582585029289e+03,2.000000000000000000e+00
1.560000000000000000e+02,-2.536297455388435992e+03,-4.946104194396900311e+03,4.124770024766834467e+03,2.000000000000000000e+00
1.560000000000000000e+02,-2.509798161021155920e+03,-4.970101174132829328e+03,4.112112521624885630e+03,2.000000000000000000e+00
1.560000000000000000e+02,-2.483223449614130914e+03,-4.993948807098344332e+03,4.099331453436581796e+03,2.000000000000000000e+00
1.560000000000000000e+02,-2.456574119666148817e+03,-5.017646376593613240e+03,4.086427204181442903e+03,2.000000000000000000e+00
1.560000000000000000e+02,-2.429850971912724617e+03,-5.041193170412543623e+03,4.073400161529599245e+03,2.000000000000000000e+00
1.560000000000000000e+02,-2.403054809302224839e+03,-5.064588480863858422e+03,4.060250716830162219e+03,2.000000000000000000e+00
1.560000000000000000e+02,-2.376186436971920557e+03,-5.087831604792021608e+03,4.046979265099486383e+03,2.000000000000000000e+00
1.560000000000000000e+02,-2.349246662223975818e+03,-5.110921843598026499e+03,4.033586205009312835e+03,2.000000000000000000e+00
1.560000000000000000e+02,-2.322236294501368320e+03,-5.133858503260042198e+03,4.020071938874799798e+03,2.000000000000000000e+00
1.590000000000000000e+02,2.478278708941299556e+03,-6.053102887757450844e+03,-2.496929960635416137e+03,0.000000000000000000e+00
1.590000000000000000e+02,2.468074434025589198e+03,-6.042802480376220046e+03,-2.531758130371473271e+03,0.000000000000000000e+00
1.590000000000000000e+02,2.457798492139964765e+03,-6.032326604476505963e+03,-2.566512783889505499e+03,0.000000000000000000e+00
1.590000000000000000e+02,2.447451181896060461e+03,-6.021675564702636620e+03,-2.601192911930897935e+03,0.000000000000000000e+00
1.590000000000000000e+02,2.437032803794966185e+03,-6.010849670606223299e+03,-2.635797508042584013e+03,0.000000000000000000e+00
1.590000000000000000e+02,2.426543660411928613e+03,-5.999849236828214089e+03,-2.670325567933080038e+03,0.000000000000000000e+00
1.590000000000000000e+02,2.415984056508029880e+03,-5.988674583208958211e+03,-2.704776089083123679e+03,0.000000000000000000e+00
1.590000000000000000e+02,2.405354298932360962e+03,-5.977326034691792302e+03,-2.739148071086741311e+03,0.000000000000000000e+00
1.590000000000000000e+02,2.394654696622022584e+03,-5.965803921323037684e+03,-2.773440515651248916e+03,0.000000000000000000e+00
1.590000000000000000e+02,2.383885560597043423e+03,-5.954108578246563411e+03,-2.807652426613636635e+03,0.000000000000000000e+00
1.590000000000000000e+02,2.373047203512493979e+03,-5.942240345224388875e+03,-2.841782811385075547e+03,0.000000000000000000e+00
1.590000000000000000e+02,2.362139940020911581e+03,-5.930199567024609678e+03,-2.875830679782030984e+03,0.000000000000000000e+00
1.590000000000000000e+02,2.351164087015777568e+03,-5.917986593681997874e+03,-2.909795043241030726e+03,0.000000000000000000e+00
1.590000000000000000e+02,2.340119963426766844e+03,-5.905601780278851948e+03,-2.943674915478995899e+03,0.000000000000000000e+00
1.590000000000000000e+02,2.329007890219751062e+03,-5.893045486944997720e+03,-2.977469312493244161e+03,0.000000000000000000e+00
1.600000000000000000e+02,2.563032875741853786e+03,-6.013430688829233077e+03,-2.507168804124096368e+03,0.000000000000000000e+00
1.600000000000000000e+02,2.552657757728255547e+03,-6.003227786472455591e+03,-2.541975153886321550e+03,0.000000000000000000e+00
1.600000000000000000e+02,2.542208516177367528e+03,-5.992850563649893957e+03,-2.576707690297218505e+03,0.000000000000000000e+00
1.600000000000000000e+02,2.531685454647642473e+03,-5.982299322017681334e+03,-2.611365404953774942e+03,0.000000000000000000e+00
1.600000000000000000e+02,2.521088878838623714e+03,-5.971574368282153046e+03,-2.645947291632413453e+03,0.000000000000000000e+00
1.600000000000000000e+02,2.510419096581945269e+03,-5.960676014190816204e+03,-2.680452346318618311e+03,0.000000000000000000e+00
1.600000000000000000e+02,2.499676417832265543e+03,-5.949604576523178366e+03,-2.714879567236535877e+03,0.000000000000000000e+00
1.600000000000000000e+02,2.488861154658130545e+03,-5.938360377081415209e+03,-2.749227954878535002e+03,0.000000000000000000e+00
1.600000000000000000e+02,2.477973621243719663e+03,-5.926943742689254577e+03,-2.783496511990324052e+03,0.000000000000000000e+00
1.600000000000000000e+02,2.467014133902838239e+03,-5.915355005200103733e+03,-2.817684243506108942e+03,0.000000000000000000e+00
1.600000000000000000e+02,2.455983010993722473e+03,-5.903594501429362936e+03,-2.851790156885570923e+03,0.000000000000000000e+00
1.600000000000000000e+02,2.444880572961969392e+03,-5.891662573184440589e+03,-2.885813261931070883e+03,0.000000000000000000e+00
1.600000000000000000e+02,2.433707142321982701e+03,-5.879559567247745690e+03,-2.919752570853801444e+03,0.000000000000000000e+00
1.600000000000000000e+02,2.422463043647551331e+03,-5.867285835366542415e+03,-2.953607098302610211e+03,0.000000000000000000e+00
1.600000000000000000e+02,2.411148603562357039e+03,-5.854841734242652819e+03,-2.987375861392784827e+03,0.000000000000000000e+00
